{"Autos (1).jpeg53661":{"filename":"Autos (1).jpeg","size":53661,"regions":[{"shape_attributes":{"name":"rect","x":78,"y":111,"width":756,"height":867},"region_attributes":{"type":"Auto","image_quality":"Rear View"}},{"shape_attributes":{"name":"rect","x":654,"y":795,"width":147,"height":81},"region_attributes":{"type":"NumberPlate","Number":"KA.03 AC.3953"}}],"file_attributes":{}},"Autos (2).jpeg66041":{"filename":"Autos (2).jpeg","size":66041,"regions":[{"shape_attributes":{"name":"rect","x":41,"y":22,"width":772,"height":1015},"region_attributes":{"type":"Auto","image_quality":"Front View","Number":""}},{"shape_attributes":{"name":"rect","x":439,"y":515,"width":148,"height":104},"region_attributes":{"type":"NumberPlate","Number":"KA 02 C 631"}}],"file_attributes":{}},"Autos (3).jpeg81519":{"filename":"Autos (3).jpeg","size":81519,"regions":[{"shape_attributes":{"name":"polyline","all_points_x":[9,123,81,161,1139,1108,11,11],"all_points_y":[569,581,409,7,28,750,837,569]},"region_attributes":{"type":"Auto","image_quality":"Side View","Number":""}},{"shape_attributes":{"name":"rect","x":1025,"y":407,"width":77,"height":61},"region_attributes":{"type":"NumberPlate","Number":"KA 04 A 8722"}}],"file_attributes":{}},"Autos (4).jpeg71796":{"filename":"Autos (4).jpeg","size":71796,"regions":[{"shape_attributes":{"name":"rect","x":5,"y":9,"width":1122,"height":830},"region_attributes":{"type":"Auto","image_quality":"Side View","Number":""}},{"shape_attributes":{"name":"rect","x":973,"y":453,"width":61,"height":54},"region_attributes":{"type":"NumberPlate","Number":"KA 03 AA 1556"}}],"file_attributes":{}},"Autos (5).jpeg83605":{"filename":"Autos (5).jpeg","size":83605,"regions":[{"shape_attributes":{"name":"rect","x":67,"y":42,"width":1080,"height":785},"region_attributes":{"type":"Auto","image_quality":"Side View","Number":""}},{"shape_attributes":{"name":"rect","x":146,"y":470,"width":97,"height":68},"region_attributes":{"type":"NumberPlate","Number":"KA 53 A 6337"}}],"file_attributes":{}},"Autos (6).jpeg57744":{"filename":"Autos (6).jpeg","size":57744,"regions":[{"shape_attributes":{"name":"rect","x":37,"y":218,"width":677,"height":925},"region_attributes":{"type":"Auto","image_quality":"Front View","Number":""}},{"shape_attributes":{"name":"rect","x":248,"y":588,"width":148,"height":77},"region_attributes":{"type":"NumberPlate","Number":"KA 05 AA 9677"}},{"shape_attributes":{"name":"rect","x":400,"y":660,"width":145,"height":84},"region_attributes":{"type":"NumberPlate","Number":"KA 05 AA 9677"}}],"file_attributes":{}},"Autos (7).jpeg66831":{"filename":"Autos (7).jpeg","size":66831,"regions":[{"shape_attributes":{"name":"rect","x":52,"y":7,"width":787,"height":1000},"region_attributes":{"type":"Auto","image_quality":"Front View","Number":""}},{"shape_attributes":{"name":"rect","x":332,"y":534,"width":145,"height":112},"region_attributes":{"type":"NumberPlate","Number":"KA 05 A 9962"}}],"file_attributes":{}},"Autos (8).jpeg54501":{"filename":"Autos (8).jpeg","size":54501,"regions":[{"shape_attributes":{"name":"rect","x":70,"y":122,"width":761,"height":1026},"region_attributes":{"type":"Auto","image_quality":"Front View","Number":""}},{"shape_attributes":{"name":"rect","x":342,"y":567,"width":178,"height":108},"region_attributes":{"type":"NumberPlate","image_quality":"No Number","Number":""}}],"file_attributes":{}},"Autos (9).jpeg101327":{"filename":"Autos (9).jpeg","size":101327,"regions":[{"shape_attributes":{"name":"rect","x":121,"y":111,"width":837,"height":750},"region_attributes":{"type":"Auto","image_quality":"Side View","Number":""}},{"shape_attributes":{"name":"rect","x":334,"y":683,"width":105,"height":104},"region_attributes":{"type":"NumberPlate","Number":"KA 02 AA 2638"}},{"shape_attributes":{"name":"ellipse","cx":522,"cy":622,"rx":44,"ry":46},"region_attributes":{"type":"NumberPlate","Number":"KA 02 AA 2638"}}],"file_attributes":{}},"Autos (10).jpeg93437":{"filename":"Autos (10).jpeg","size":93437,"regions":[{"shape_attributes":{"name":"rect","x":158,"y":74,"width":781,"height":783},"region_attributes":{"type":"Auto","image_quality":"Side View","Number":""}},{"shape_attributes":{"name":"rect","x":391,"y":527,"width":126,"height":93},"region_attributes":{"type":"NumberPlate","Number":"KA 04 C 1149"}}],"file_attributes":{}},"Autos (11).jpeg67025":{"filename":"Autos (11).jpeg","size":67025,"regions":[{"shape_attributes":{"name":"rect","x":2,"y":47,"width":735,"height":1103},"region_attributes":{"type":"Auto","Number":""}},{"shape_attributes":{"name":"rect","x":436,"y":606,"width":183,"height":122},"region_attributes":{"type":"NumberPlate","image_quality":"Blur Image","Number":"KA 05 AB 1754"}}],"file_attributes":{}},"Autos (12).jpeg71307":{"filename":"Autos (12).jpeg","size":71307,"regions":[{"shape_attributes":{"name":"rect","x":53,"y":2,"width":820,"height":857},"region_attributes":{"type":"Auto","Number":""}},{"shape_attributes":{"name":"rect","x":681,"y":404,"width":125,"height":84},"region_attributes":{"type":"NumberPlate","Number":"KA 03 AE 5691"}}],"file_attributes":{}},"Autos (13).jpeg60846":{"filename":"Autos (13).jpeg","size":60846,"regions":[{"shape_attributes":{"name":"rect","x":75,"y":9,"width":775,"height":1115},"region_attributes":{"type":"Auto","image_quality":"Front View","Number":""}},{"shape_attributes":{"name":"rect","x":347,"y":508,"width":183,"height":98},"region_attributes":{"type":"NumberPlate","Number":"KA 03 AB 4496"}}],"file_attributes":{}},"Autos (14).jpeg94307":{"filename":"Autos (14).jpeg","size":94307,"regions":[{"shape_attributes":{"name":"rect","x":307,"y":116,"width":607,"height":706},"region_attributes":{"type":"Auto","image_quality":"Rear View","Number":""}},{"shape_attributes":{"name":"rect","x":776,"y":572,"width":102,"height":67},"region_attributes":{"type":"NumberPlate","Number":"KA 05 AB 481"}}],"file_attributes":{}},"Autos (15).jpeg105519":{"filename":"Autos (15).jpeg","size":105519,"regions":[{"shape_attributes":{"name":"polyline","all_points_x":[850,923,895,1050,298,276,851],"all_points_y":[83,204,260,857,857,112,84]},"region_attributes":{"type":"Auto","image_quality":"Front View","Number":""}},{"shape_attributes":{"name":"rect","x":737,"y":458,"width":119,"height":70},"region_attributes":{"type":"NumberPlate","Number":"KA 02 AG 1560"}}],"file_attributes":{}},"Autos (16).jpeg64411":{"filename":"Autos (16).jpeg","size":64411,"regions":[{"shape_attributes":{"name":"rect","x":40,"y":5,"width":789,"height":1129},"region_attributes":{"type":"Auto","image_quality":"Front View","Number":""}},{"shape_attributes":{"name":"rect","x":375,"y":527,"width":222,"height":98},"region_attributes":{"type":"NumberPlate","Number":"KA 03 D 5011"}}],"file_attributes":{}},"Autos (17).jpeg73069":{"filename":"Autos (17).jpeg","size":73069,"regions":[{"shape_attributes":{"name":"rect","x":23,"y":108,"width":716,"height":1007},"region_attributes":{"type":"Auto","image_quality":"Front View","Number":""}},{"shape_attributes":{"name":"rect","x":407,"y":628,"width":145,"height":98},"region_attributes":{"type":"NumberPlate","Number":"KA 03 D 9186"}}],"file_attributes":{}},"Autos (18).jpeg95695":{"filename":"Autos (18).jpeg","size":95695,"regions":[{"shape_attributes":{"name":"polyline","all_points_x":[54,985,1006,267,211,67,54],"all_points_y":[193,202,862,855,667,627,191]},"region_attributes":{"type":"Auto","image_quality":"Side View","Number":""}},{"shape_attributes":{"name":"rect","x":771,"y":604,"width":100,"height":58},"region_attributes":{"type":"NumberPlate","Number":"KA 05 A 2337"}}],"file_attributes":{}},"Autos (19).jpeg82488":{"filename":"Autos (19).jpeg","size":82488,"regions":[{"shape_attributes":{"name":"rect","x":44,"y":35,"width":1101,"height":779},"region_attributes":{"type":"Auto","image_quality":"Side View","Number":""}},{"shape_attributes":{"name":"rect","x":72,"y":453,"width":90,"height":61},"region_attributes":{"type":"NumberPlate","image_quality":"Blur Image","Number":"KA 03 AA 5019"}}],"file_attributes":{}},"Autos (20).jpg310004":{"filename":"Autos (20).jpg","size":310004,"regions":[{"shape_attributes":{"name":"rect","x":63,"y":31,"width":2271,"height":1893},"region_attributes":{"type":"Auto","image_quality":"Side View","Number":""}},{"shape_attributes":{"name":"rect","x":370,"y":779,"width":177,"height":197},"region_attributes":{"type":"NumberPlate","Number":"KA 02 AB 0429"}}],"file_attributes":{}},"Autos (21).jpg650253":{"filename":"Autos (21).jpg","size":650253,"regions":[{"shape_attributes":{"name":"rect","x":183,"y":103,"width":1316,"height":854},"region_attributes":{"type":"Auto","image_quality":"Side View","Number":""}},{"shape_attributes":{"name":"rect","x":1225,"y":542,"width":89,"height":63},"region_attributes":{"type":"NumberPlate","Number":"KA 02 B 3989"}}],"file_attributes":{}},"Autos (22).jpg54006":{"filename":"Autos (22).jpg","size":54006,"regions":[{"shape_attributes":{"name":"rect","x":80,"y":191,"width":347,"height":453},"region_attributes":{"type":"Auto","image_quality":"Front View","Number":""}},{"shape_attributes":{"name":"rect","x":361,"y":417,"width":67,"height":63},"region_attributes":{"type":"NumberPlate","Number":"KA 05 B 3883"}}],"file_attributes":{}},"Autos (23).jpg151689":{"filename":"Autos (23).jpg","size":151689,"regions":[{"shape_attributes":{"name":"rect","x":1,"y":7,"width":353,"height":348},"region_attributes":{"type":"Auto","image_quality":"Blur Image","Number":""}},{"shape_attributes":{"name":"rect","x":77,"y":203,"width":61,"height":49},"region_attributes":{"type":"NumberPlate","Number":"KA 41 A 3923"}}],"file_attributes":{}},"Autos (24).jpg11573":{"filename":"Autos (24).jpg","size":11573,"regions":[{"shape_attributes":{"name":"rect","x":49,"y":2,"width":185,"height":191},"region_attributes":{"type":"Auto","image_quality":"Front View","Number":""}},{"shape_attributes":{"name":"rect","x":199,"y":108,"width":17,"height":16},"region_attributes":{"type":"NumberPlate","image_quality":"Blur Image","Number":""}}],"file_attributes":{}},"Autos (25).jpg62424":{"filename":"Autos (25).jpg","size":62424,"regions":[{"shape_attributes":{"name":"rect","x":45,"y":13,"width":353,"height":335},"region_attributes":{"type":"Auto","image_quality":"Rear View","Number":""}},{"shape_attributes":{"name":"rect","x":236,"y":288,"width":66,"height":45},"region_attributes":{"type":"NumberPlate","Number":"KA 03 AC 0273"}}],"file_attributes":{}},"Autos (26).jpg52405":{"filename":"Autos (26).jpg","size":52405,"regions":[{"shape_attributes":{"name":"rect","x":6,"y":5,"width":788,"height":554},"region_attributes":{"type":"Auto","image_quality":"Side View"}},{"shape_attributes":{"name":"rect","x":682,"y":347,"width":62,"height":47},"region_attributes":{"type":"NumberPlate","Number":"KA 55 3413"}}],"file_attributes":{}}}