{"Autos (8).jpg8795":{"filename":"Autos (8).jpg","size":8795,"regions":[{"shape_attributes":{"name":"rect","x":2,"y":5,"width":170,"height":238},"region_attributes":{"class":"Auto"}},{"shape_attributes":{"name":"rect","x":81,"y":102,"width":53,"height":39},"region_attributes":{"class":"KL 02 R 6968"}}],"file_attributes":{}},"Autos (24).jpg52405":{"filename":"Autos (24).jpg","size":52405,"regions":[{"shape_attributes":{"name":"rect","x":4,"y":3,"width":790,"height":544},"region_attributes":{"class":"Auto"}},{"shape_attributes":{"name":"rect","x":685,"y":351,"width":57,"height":36},"region_attributes":{"class":"KA 55 3413"}}],"file_attributes":{}},"Autos (25).jpg62424":{"filename":"Autos (25).jpg","size":62424,"regions":[{"shape_attributes":{"name":"rect","x":23,"y":12,"width":380,"height":336},"region_attributes":{"class":"Auto"}},{"shape_attributes":{"name":"rect","x":235,"y":289,"width":67,"height":41},"region_attributes":{"class":"KA 03 AC 0273"}}],"file_attributes":{}},"Autos (22).jpg54006":{"filename":"Autos (22).jpg","size":54006,"regions":[{"shape_attributes":{"name":"rect","x":75,"y":193,"width":355,"height":453},"region_attributes":{"class":"Auto"}},{"shape_attributes":{"name":"rect","x":363,"y":420,"width":63,"height":59},"region_attributes":{"class":"KA 05 B 3883"}}],"file_attributes":{}},"Autos (20).jpg310004":{"filename":"Autos (20).jpg","size":310004,"regions":[{"shape_attributes":{"name":"rect","x":89,"y":21,"width":2243,"height":1866},"region_attributes":{"class":"Auto"}},{"shape_attributes":{"name":"rect","x":335,"y":739,"width":231,"height":257},"region_attributes":{"class":"KA 02 AB 0429"}}],"file_attributes":{}},"Autos (1).jpeg53661":{"filename":"Autos (1).jpeg","size":53661,"regions":[{"shape_attributes":{"name":"rect","x":46,"y":98,"width":801,"height":913},"region_attributes":{"class":"Auto"}},{"shape_attributes":{"name":"rect","x":650,"y":804,"width":146,"height":79},"region_attributes":{"class":"KA 03 AC 3953"}}],"file_attributes":{}},"Autos (2).jpeg66041":{"filename":"Autos (2).jpeg","size":66041,"regions":[{"shape_attributes":{"name":"rect","x":32,"y":35,"width":787,"height":1004},"region_attributes":{"class":"Auto"}},{"shape_attributes":{"name":"rect","x":441,"y":520,"width":149,"height":100},"region_attributes":{"class":"KA 02 C 631"}}],"file_attributes":{}},"Autos (5).jpeg83605":{"filename":"Autos (5).jpeg","size":83605,"regions":[{"shape_attributes":{"name":"rect","x":68,"y":42,"width":1078,"height":755},"region_attributes":{"class":"Auto"}},{"shape_attributes":{"name":"rect","x":147,"y":479,"width":88,"height":61},"region_attributes":{"class":"KA 53 A 6337"}}],"file_attributes":{}},"Autos (4).jpeg71796":{"filename":"Autos (4).jpeg","size":71796,"regions":[{"shape_attributes":{"name":"rect","x":7,"y":14,"width":1108,"height":829},"region_attributes":{"class":"Auto"}},{"shape_attributes":{"name":"rect","x":965,"y":449,"width":70,"height":60},"region_attributes":{"class":"KA 03 AA 1556"}}],"file_attributes":{}},"Autos (3).jpeg81519":{"filename":"Autos (3).jpeg","size":81519,"regions":[{"shape_attributes":{"name":"rect","x":9,"y":12,"width":1129,"height":802},"region_attributes":{"class":"Auto"}},{"shape_attributes":{"name":"rect","x":1023,"y":402,"width":72,"height":68},"region_attributes":{"class":"KA 04 A 8722"}}],"file_attributes":{}},"Autos (6).jpeg57744":{"filename":"Autos (6).jpeg","size":57744,"regions":[{"shape_attributes":{"name":"rect","x":47,"y":225,"width":663,"height":923},"region_attributes":{"class":"Auto"}},{"shape_attributes":{"name":"rect","x":239,"y":578,"width":162,"height":89},"region_attributes":{"class":"KA 06 AA 9677"}}],"file_attributes":{}},"Autos (7).jpeg66831":{"filename":"Autos (7).jpeg","size":66831,"regions":[{"shape_attributes":{"name":"rect","x":42,"y":9,"width":805,"height":1028},"region_attributes":{"class":"Auto"}},{"shape_attributes":{"name":"rect","x":328,"y":527,"width":157,"height":129},"region_attributes":{"class":"KA 05 A 9952"}}],"file_attributes":{}},"Autos (9).jpeg101327":{"filename":"Autos (9).jpeg","size":101327,"regions":[{"shape_attributes":{"name":"rect","x":126,"y":111,"width":825,"height":748},"region_attributes":{"class":"Auto"}},{"shape_attributes":{"name":"rect","x":472,"y":578,"width":97,"height":70},"region_attributes":{"class":"KA 02 AA 2638"}}],"file_attributes":{}},"Autos (12).jpeg71307":{"filename":"Autos (12).jpeg","size":71307,"regions":[{"shape_attributes":{"name":"rect","x":32,"y":0,"width":930,"height":855},"region_attributes":{"class":"Auto"}},{"shape_attributes":{"name":"rect","x":678,"y":402,"width":102,"height":88},"region_attributes":{"class":"KA 03 AE 5691"}}],"file_attributes":{}},"Autos (11).jpeg67025":{"filename":"Autos (11).jpeg","size":67025,"regions":[{"shape_attributes":{"name":"rect","x":9,"y":59,"width":752,"height":1084},"region_attributes":{"class":"Auto"}},{"shape_attributes":{"name":"rect","x":431,"y":604,"width":192,"height":138},"region_attributes":{"class":"KA 05 1754"}}],"file_attributes":{}},"Autos (10).jpeg93437":{"filename":"Autos (10).jpeg","size":93437,"regions":[{"shape_attributes":{"name":"rect","x":149,"y":33,"width":815,"height":816},"region_attributes":{"class":"Auto"}},{"shape_attributes":{"name":"rect","x":388,"y":530,"width":123,"height":95},"region_attributes":{"class":"KA 04 C 1149"}}],"file_attributes":{}},"Autos (13).jpeg60846":{"filename":"Autos (13).jpeg","size":60846,"regions":[{"shape_attributes":{"name":"rect","x":63,"y":9,"width":784,"height":1124},"region_attributes":{"class":"Auto"}},{"shape_attributes":{"name":"rect","x":349,"y":503,"width":180,"height":110},"region_attributes":{"class":"KA 03 AB 4496"}}],"file_attributes":{}},"Autos (16).jpeg64411":{"filename":"Autos (16).jpeg","size":64411,"regions":[{"shape_attributes":{"name":"rect","x":37,"y":2,"width":798,"height":1124},"region_attributes":{"class":"Auto"}},{"shape_attributes":{"name":"rect","x":384,"y":534,"width":194,"height":87},"region_attributes":{"class":"KA 03 D 5011"}}],"file_attributes":{}},"Autos (15).jpeg105519":{"filename":"Autos (15).jpeg","size":105519,"regions":[{"shape_attributes":{"name":"rect","x":255,"y":75,"width":771,"height":783},"region_attributes":{"class":"Auto"}},{"shape_attributes":{"name":"rect","x":744,"y":458,"width":125,"height":74},"region_attributes":{"class":"KA 02 AG 1560"}}],"file_attributes":{}},"Autos (14).jpeg94307":{"filename":"Autos (14).jpeg","size":94307,"regions":[{"shape_attributes":{"name":"rect","x":281,"y":98,"width":635,"height":699},"region_attributes":{"class":"Auto"}},{"shape_attributes":{"name":"rect","x":771,"y":569,"width":98,"height":79},"region_attributes":{"class":"KA 05 4181"}}],"file_attributes":{}},"Autos (17).jpeg73069":{"filename":"Autos (17).jpeg","size":73069,"regions":[{"shape_attributes":{"name":"rect","x":5,"y":105,"width":705,"height":1007},"region_attributes":{"class":"Auto "}},{"shape_attributes":{"name":"rect","x":417,"y":628,"width":138,"height":84},"region_attributes":{"class":"KA 03 D 9186"}}],"file_attributes":{}},"Autos (18).jpeg95695":{"filename":"Autos (18).jpeg","size":95695,"regions":[{"shape_attributes":{"name":"rect","x":25,"y":191,"width":978,"height":669},"region_attributes":{"class":"Auto"}},{"shape_attributes":{"name":"rect","x":776,"y":595,"width":88,"height":67},"region_attributes":{"class":"KA 05 A 2337"}}],"file_attributes":{}},"Autos (19).jpeg82488":{"filename":"Autos (19).jpeg","size":82488,"regions":[{"shape_attributes":{"name":"rect","x":14,"y":25,"width":1130,"height":792},"region_attributes":{"class":"Auto"}},{"shape_attributes":{"name":"rect","x":74,"y":446,"width":88,"height":70},"region_attributes":{"class":"KA 03 AA 5019"}}],"file_attributes":{}},"Autos (23).jpg151689":{"filename":"Autos (23).jpg","size":151689,"regions":[{"shape_attributes":{"name":"rect","x":2,"y":3,"width":348,"height":349},"region_attributes":{"class":"Auto"}},{"shape_attributes":{"name":"rect","x":74,"y":196,"width":68,"height":54},"region_attributes":{"class":"KA 41 A 3923"}}],"file_attributes":{}},"Autos (21).jpg650253":{"filename":"Autos (21).jpg","size":650253,"regions":[{"shape_attributes":{"name":"rect","x":165,"y":102,"width":1314,"height":878},"region_attributes":{"class":"Auto"}},{"shape_attributes":{"name":"rect","x":1231,"y":540,"width":91,"height":67},"region_attributes":{"class":"KA 02 B 3989"}}],"file_attributes":{}}}